overall_auc,overall_ap,mean_fold_auc,std_fold_auc,n_folds
0.2551087673038892,0.5090319824147036,0.277037037037037,0.13244016688758972,9
