fold,auc,ap
1,0.375,0.7593614718614718
2,0.3333333333333333,0.637037037037037
3,0.16,0.5398140748140748
4,0.022222222222222216,0.46579870746537416
5,0.13333333333333333,0.5044230460897128
6,0.3555555555555555,0.5799561549561549
7,0.2888888888888889,0.5523707773707773
8,0.375,0.5541666666666667
9,0.45,0.7317841880341881
