overall_auc,overall_ap,mean_fold_auc,std_fold_auc,n_folds
0.5524060646011866,0.7047898405415257,0.539567901234568,0.18465828333279316,9
