fold,auc,ap
1,0.8333333333333334,0.9317956349206349
2,0.6250000000000001,0.7884920634920635
3,0.6799999999999999,0.8799908424908424
4,0.0,0.6428571428571429
5,0.6888888888888889,0.8390652557319225
6,0.4888888888888889,0.70991045991046
7,0.4666666666666667,0.7055453805453806
8,0.7916666666666666,0.8968253968253967
9,0.8,0.9128787878787878
