overall_auc,overall_ap,mean_fold_auc,std_fold_auc,n_folds
0.46638101516150293,0.6980137406747489,0.5971604938271605,0.24407596307430146,9
